Workbook

Sheet Start here
A1: DocBrisk NLOOKUP: demo workbook
A2: Every NLOOKUP feature with a live example, the expected answer, and Excel's own way where one exists.
A4: How to use it
A5: 1. | B5: Install NLOOKUP from docbrisk.com/addins and open Excel.
A6: 2. | B6: Activate it with your free licence key (the window appears the first time; or type =NLOOKUP.ACTIVATE() in any cell).
A7: 3. | B7: Open this file. The "Examples" and "Lists" sheets calculate by themselves.
A8: 4. | B8: Column "Check" shows OK when NLOOKUP gives the expected answer. Change any value on the "Data" sheet and watch the answers update.
A9: Good to know
A10: * | B10: Without the add-in, the NLOOKUP cells show a name error and Check shows "Install NLOOKUP".
A11: * | B11: The "Lists" sheet uses classic array formulas, so it works in Excel 2016, 2019, 2021 and Microsoft 365.
A12: * | B12: Two rows on "Examples" (Pune and Kolkata) show where Excel's own functions miss data that NLOOKUP finds: extra spaces and numbers stored as text.
A13: * | B13: All data on the "Data" sheet is made up for this demo.

Sheet Examples
A1: # | B1: What it shows | C1: NLOOKUP formula | D1: NLOOKUP result | E1: Excel's own way | F1: Excel's result | G1: Expected | H1: Check
A2: 1 | B2: First match | C2: =NLOOKUP("Mumbai", Data!$B$2:$B$31, Data!$E$2:$E$31) | D2: =_xll.NLOOKUP("Mumbai", Data!$B$2:$B$31, Data!$E$2:$E$31) -> 860 | E2: =INDEX(Data!$E$2:$E$31, MATCH("Mumbai", Data!$B$2:$B$31, 0)) | F2: =INDEX(Data!$E$2:$E$31, MATCH("Mumbai", Data!$B$2:$B$31, 0)) -> 860 | G2: 860 | H2: =IFERROR(IF(ROUND(D2-G2,6)=0,"OK","Check"),"Install NLOOKUP") -> OK
A3: 2 | B3: Last match (-1) | C3: =NLOOKUP("Mumbai", Data!$B$2:$B$31, Data!$E$2:$E$31, -1) | D3: =_xll.NLOOKUP("Mumbai", Data!$B$2:$B$31, Data!$E$2:$E$31, -1) -> 1610 | E3: =LOOKUP(2, 1/(Data!$B$2:$B$31="Mumbai"), Data!$E$2:$E$31) | F3: =LOOKUP(2, 1/(Data!$B$2:$B$31="Mumbai"), Data!$E$2:$E$31) -> 1610 | G3: 1610 | H3: =IFERROR(IF(ROUND(D3-G3,6)=0,"OK","Check"),"Install NLOOKUP") -> OK
A4: 3 | B4: Second match (2) | C4: =NLOOKUP("Mumbai", Data!$B$2:$B$31, Data!$E$2:$E$31, 2) | D4: =_xll.NLOOKUP("Mumbai", Data!$B$2:$B$31, Data!$E$2:$E$31, 2) -> 2210 | E4: (no single formula in Excel) | F4: - | G4: 2210 | H4: =IFERROR(IF(ROUND(D4-G4,6)=0,"OK","Check"),"Install NLOOKUP") -> OK
A5: 4 | B5: Look to the left (code to region) | C5: =NLOOKUP("PO-100118", Data!$D$2:$D$31, Data!$B$2:$B$31) | D5: =_xll.NLOOKUP("PO-100118", Data!$D$2:$D$31, Data!$B$2:$B$31) -> Chennai | E5: =INDEX(Data!$B$2:$B$31, MATCH("PO-100118", Data!$D$2:$D$31, 0)) | F5: =INDEX(Data!$B$2:$B$31, MATCH("PO-100118", Data!$D$2:$D$31, 0)) -> Chennai | G5: Chennai | H5: =IFERROR(IF(D5=G5,"OK","Check"),"Install NLOOKUP") -> OK
A6: 5 | B6: SUM with 2 criteria | C6: =NLOOKUP({"Delhi","Excel Pro"}, Data!$B$2:$C$31, Data!$E$2:$E$31, "SUM") | D6: =_xll.NLOOKUP({"Delhi","Excel Pro"}, Data!$B$2:$C$31, Data!$E$2:$E$31, "SUM") -> 3890 | E6: =SUMIFS(Data!$E$2:$E$31, Data!$B$2:$B$31, "Delhi", Data!$C$2:$C$31, "Excel Pro") | F6: =SUMIFS(Data!$E$2:$E$31, Data!$B$2:$B$31, "Delhi", Data!$C$2:$C$31, "Excel Pro") -> 3890 | G6: 3890 | H6: =IFERROR(IF(ROUND(D6-G6,6)=0,"OK","Check"),"Install NLOOKUP") -> OK
A7: 6 | B7: COUNT with an operator (>=6) | C7: =NLOOKUP(">=6", Data!$F$2:$F$31, Data!$F$2:$F$31, "COUNT") | D7: =_xll.NLOOKUP(">=6", Data!$F$2:$F$31, Data!$F$2:$F$31, "COUNT") -> 9 | E7: =COUNTIFS(Data!$F$2:$F$31, ">=6") | F7: =COUNTIFS(Data!$F$2:$F$31, ">=6") -> 9 | G7: 9 | H7: =IFERROR(IF(ROUND(D7-G7,6)=0,"OK","Check"),"Install NLOOKUP") -> OK
A8: 7 | B8: AVERAGE | C8: =NLOOKUP("Chennai", Data!$B$2:$B$31, Data!$E$2:$E$31, "AVG") | D8: =_xll.NLOOKUP("Chennai", Data!$B$2:$B$31, Data!$E$2:$E$31, "AVG") -> 916.66667 | E8: =AVERAGEIFS(Data!$E$2:$E$31, Data!$B$2:$B$31, "Chennai") | F8: =AVERAGEIFS(Data!$E$2:$E$31, Data!$B$2:$B$31, "Chennai") -> 916.66667 | G8: 916.66667 | H8: =IFERROR(IF(ROUND(D8-G8,6)=0,"OK","Check"),"Install NLOOKUP") -> OK
A9: 8 | B9: MAX | C9: =NLOOKUP("Delhi", Data!$B$2:$B$31, Data!$E$2:$E$31, "MAX") | D9: =_xll.NLOOKUP("Delhi", Data!$B$2:$B$31, Data!$E$2:$E$31, "MAX") -> 1940 | E9: =_xlfn.MAXIFS(Data!$E$2:$E$31, Data!$B$2:$B$31, "Delhi") | F9: =_xlfn.MAXIFS(Data!$E$2:$E$31, Data!$B$2:$B$31, "Delhi") -> 1940 | G9: 1940 | H9: =IFERROR(IF(ROUND(D9-G9,6)=0,"OK","Check"),"Install NLOOKUP") -> OK
A10: 9 | B10: OR inside one criterion | C10: =NLOOKUP("Delhi|Chennai", Data!$B$2:$B$31, Data!$E$2:$E$31, "SUM") | D10: =_xll.NLOOKUP("Delhi|Chennai", Data!$B$2:$B$31, Data!$E$2:$E$31, "SUM") -> 16080 | E10: =SUMIFS(Data!$E$2:$E$31, Data!$B$2:$B$31, "Delhi") + SUMIFS(Data!$E$2:$E$31, Data!$B$2:$B$31, "Chennai") | F10: =SUMIFS(Data!$E$2:$E$31, Data!$B$2:$B$31, "Delhi") + SUMIFS(Data!$E$2:$E$31, Data!$B$2:$B$31, "Chennai") -> 16080 | G10: 16080 | H10: =IFERROR(IF(ROUND(D10-G10,6)=0,"OK","Check"),"Install NLOOKUP") -> OK
A11: 10 | B11: Date range (between) | C11: =NLOOKUP("2026-02-01..2026-03-31", Data!$A$2:$A$31, Data!$E$2:$E$31, "SUM") | D11: =_xll.NLOOKUP("2026-02-01..2026-03-31", Data!$A$2:$A$31, Data!$E$2:$E$31, "SUM") -> 9580 | E11: =SUMIFS(Data!$E$2:$E$31, Data!$A$2:$A$31, ">="&DATE(2026,2,1), Data!$A$2:$A$31, "<="&DATE(2026,3,31)) | F11: =SUMIFS(Data!$E$2:$E$31, Data!$A$2:$A$31, ">="&DATE(2026,2,1), Data!$A$2:$A$31, "<="&DATE(2026,3,31)) -> 9580 | G11: 9580 | H11: =IFERROR(IF(ROUND(D11-G11,6)=0,"OK","Check"),"Install NLOOKUP") -> OK
A12: 11 | B12: Wildcard | C12: =NLOOKUP("*Pro", Data!$C$2:$C$31, Data!$C$2:$C$31, "COUNT") | D12: =_xll.NLOOKUP("*Pro", Data!$C$2:$C$31, Data!$C$2:$C$31, "COUNT") -> 23 | E12: =COUNTIFS(Data!$C$2:$C$31, "*Pro") | F12: =COUNTIFS(Data!$C$2:$C$31, "*Pro") -> 23 | G12: 23 | H12: =IFERROR(IF(ROUND(D12-G12,6)=0,"OK","Check"),"Install NLOOKUP") -> OK
A13: 12 | B13: Blank criterion = all (dashboard filter) | C13: =NLOOKUP({"","OCR Pro"}, Data!$B$2:$C$31, Data!$E$2:$E$31, "SUM") | D13: =_xll.NLOOKUP({"","OCR Pro"}, Data!$B$2:$C$31, Data!$E$2:$E$31, "SUM") -> 5910 | E13: =SUMIFS(Data!$E$2:$E$31, Data!$C$2:$C$31, "OCR Pro") | F13: =SUMIFS(Data!$E$2:$E$31, Data!$C$2:$C$31, "OCR Pro") -> 5910 | G13: 5910 | H13: =IFERROR(IF(ROUND(D13-G13,6)=0,"OK","Check"),"Install NLOOKUP") -> OK
A14: 13 | B14: Smart: extra spaces and capitals | C14: =NLOOKUP("Pune", Data!$B$2:$B$31, Data!$E$2:$E$31, "SUM") | D14: =_xll.NLOOKUP("Pune", Data!$B$2:$B$31, Data!$E$2:$E$31, "SUM") -> 4400 | E14: =SUMIFS(Data!$E$2:$E$31, Data!$B$2:$B$31, "Pune") | F14: =SUMIFS(Data!$E$2:$E$31, Data!$B$2:$B$31, "Pune") -> 3490 | G14: 4400 | H14: =IFERROR(IF(ROUND(D14-G14,6)=0,"OK","Check"),"Install NLOOKUP") -> OK
A15: 14 | B15: Smart: numbers stored as text | C15: =NLOOKUP("Kolkata", Data!$B$2:$B$31, Data!$E$2:$E$31, "SUM") | D15: =_xll.NLOOKUP("Kolkata", Data!$B$2:$B$31, Data!$E$2:$E$31, "SUM") -> 4235 | E15: =SUMIFS(Data!$E$2:$E$31, Data!$B$2:$B$31, "Kolkata") | F15: =SUMIFS(Data!$E$2:$E$31, Data!$B$2:$B$31, "Kolkata") -> 1650 | G15: 4235 | H15: =IFERROR(IF(ROUND(D15-G15,6)=0,"OK","Check"),"Install NLOOKUP") -> OK
A16: 15 | B16: Smart: 123 finds "00123" | C16: =NLOOKUP(123, Data!$D$2:$D$31, Data!$B$2:$B$31) | D16: =_xll.NLOOKUP(123, Data!$D$2:$D$31, Data!$B$2:$B$31) -> Delhi | E16: =IFERROR(INDEX(Data!$B$2:$B$31, MATCH(123, Data!$D$2:$D$31, 0)), "MATCH cannot find it") | F16: =IFERROR(INDEX(Data!$B$2:$B$31, MATCH(123, Data!$D$2:$D$31, 0)), "MATCH cannot find it") -> MATCH cannot find it | G16: Delhi | H16: =IFERROR(IF(D16=G16,"OK","Check"),"Install NLOOKUP") -> OK
A17: 16 | B17: Next smaller (tax slab for 6,50,000) | C17: =NLOOKUP(650000, Data!$I$7:$I$10, Data!$J$7:$J$10, , , -1) | D17: =_xll.NLOOKUP(650000, Data!$I$7:$I$10, Data!$J$7:$J$10, , , -1) -> 0.2 | E17: =INDEX(Data!$J$7:$J$10, MATCH(650000, Data!$I$7:$I$10, 1)) | F17: =INDEX(Data!$J$7:$J$10, MATCH(650000, Data!$I$7:$I$10, 1)) -> 0.2 | G17: 0.2 | H17: =IFERROR(IF(ROUND(D17-G17,6)=0,"OK","Check"),"Install NLOOKUP") -> OK
A18: 17 | B18: Fuzzy: "Chenai" (typo) finds Chennai | C18: =NLOOKUP("Chenai", Data!$B$2:$B$31, Data!$E$2:$E$31, , , 5) | D18: =_xll.NLOOKUP("Chenai", Data!$B$2:$B$31, Data!$E$2:$E$31, , , 5) -> 430 | E18: (no single formula in Excel) | F18: - | G18: 430 | H18: =IFERROR(IF(ROUND(D18-G18,6)=0,"OK","Check"),"Install NLOOKUP") -> OK
A19: 18 | B19: Regex: count valid PO numbers | C19: =NLOOKUP("^PO-\d{6}$", Data!$D$2:$D$31, Data!$D$2:$D$31, "COUNT", , 3) | D19: =_xll.NLOOKUP("^PO-\d{6}$", Data!$D$2:$D$31, Data!$D$2:$D$31, "COUNT", , 3) -> 23 | E19: (no single formula in Excel) | F19: - | G19: 23 | H19: =IFERROR(IF(ROUND(D19-G19,6)=0,"OK","Check"),"Install NLOOKUP") -> OK
A20: 19 | B20: Case-sensitive: only "PUNE" | C20: =NLOOKUP("PUNE", Data!$B$2:$B$31, Data!$E$2:$E$31, , , 4) | D20: =_xll.NLOOKUP("PUNE", Data!$B$2:$B$31, Data!$E$2:$E$31, , , 4) -> 1330 | E20: (no single formula in Excel) | F20: - | G20: 1330 | H20: =IFERROR(IF(ROUND(D20-G20,6)=0,"OK","Check"),"Install NLOOKUP") -> OK
A21: 20 | B21: Return column by header name | C21: =NLOOKUP("Mumbai", Data!$B$2:$B$31, Data!$A$1:$F$31, , , , "Qty") | D21: =_xll.NLOOKUP("Mumbai", Data!$B$2:$B$31, Data!$A$1:$F$31, , , , "Qty") -> 3 | E21: =INDEX(Data!$F$2:$F$31, MATCH("Mumbai", Data!$B$2:$B$31, 0)) | F21: =INDEX(Data!$F$2:$F$31, MATCH("Mumbai", Data!$B$2:$B$31, 0)) -> 3 | G21: 3 | H21: =IFERROR(IF(ROUND(D21-G21,6)=0,"OK","Check"),"Install NLOOKUP") -> OK
A22: 21 | B22: COUNTDISTINCT (products sold in Delhi) | C22: =NLOOKUP("Delhi", Data!$B$2:$B$31, Data!$C$2:$C$31, "COUNTDISTINCT") | D22: =_xll.NLOOKUP("Delhi", Data!$B$2:$B$31, Data!$C$2:$C$31, "COUNTDISTINCT") -> 4 | E22: =SUMPRODUCT((Data!$B$2:$B$31="Delhi")/COUNTIFS(Data!$B$2:$B$31, Data!$B$2:$B$31, Data!$C$2:$C$31, Data!$C$2:$C$31)) | F22: =SUMPRODUCT((Data!$B$2:$B$31="Delhi")/COUNTIFS(Data!$B$2:$B$31, Data!$B$2:$B$31, Data!$C$2:$C$31, Data!$C$2:$C$31)) -> 4 | G22: 4 | H22: =IFERROR(IF(ROUND(D22-G22,6)=0,"OK","Check"),"Install NLOOKUP") -> OK
A23: 22 | B23: JOIN (all Chennai codes) | C23: =NLOOKUP("Chennai", Data!$B$2:$B$31, Data!$D$2:$D$31, "JOIN") | D23: =_xll.NLOOKUP("Chennai", Data!$B$2:$B$31, Data!$D$2:$D$31, "JOIN") -> PO-100103, PO-100107, PO-12A, PO-100118, PO-100122, PO-100127 | E23: (no single formula in Excel) | F23: - | G23: PO-100103, PO-100107, PO-12A, PO-100118, PO-100122, PO-100127 | H23: =IFERROR(IF(D23=G23,"OK","Check"),"Install NLOOKUP") -> OK
A24: 23 | B24: Not found, with your own message | C24: =NLOOKUP("Goa", Data!$B$2:$B$31, Data!$E$2:$E$31, , "Not found") | D24: =_xll.NLOOKUP("Goa", Data!$B$2:$B$31, Data!$E$2:$E$31, , "Not found") -> Not found | E24: =IFERROR(INDEX(Data!$E$2:$E$31, MATCH("Goa", Data!$B$2:$B$31, 0)), "Not found") | F24: =IFERROR(INDEX(Data!$E$2:$E$31, MATCH("Goa", Data!$B$2:$B$31, 0)), "Not found") -> Not found | G24: Not found | H24: =IFERROR(IF(D24=G24,"OK","Check"),"Install NLOOKUP") -> OK
A25: 24 | B25: EXPLAIN: how NLOOKUP answered | C25: =NLOOKUP.EXPLAIN({"Delhi","Excel Pro"}, Data!$B$2:$C$31, Data!$E$2:$E$31, "SUM") | D25: =_xll.NLOOKUP.EXPLAIN({"Delhi","Excel Pro"}, Data!$B$2:$C$31, Data!$E$2:$E$31, "SUM") -> Result: 3890 | lookup_array: 30 row(s) x 2, reused from the cache; hash index on columns 1 + 2: 3 row(s); Sum from pre-computed index totals (no scan) | 1.057 ms | E25: (no single formula in Excel) | F25: - | G25: - | H25: -
B27: Examples 13 and 14: Excel's own functions give a smaller total because they skip " pune " (extra spaces) and amounts stored as text. NLOOKUP finds them. Example 15: MATCH cannot find 123 in "00123".

Sheet Data
A1: Date | B1: Region | C1: Product | D1: Code | E1: Amount | F1: Qty | H1: Notes
A2: 46027 | B2: Delhi | C2: Excel Pro | D2: PO-100101 | E2: 1250 | F2: 5 | H2: Rows with " pune ", "PUNE": extra spaces and capitals.
A3: 46033 | B3: Mumbai | C3: PDF Pro | D3: PO-100102 | E3: 860 | F3: 3 | H3: Two Kolkata amounts ("1,610" and "975") are stored as text, as in many ERP exports.
A4: 46039 | B4: Chennai | C4: OCR Pro | D4: PO-100103 | E4: 430 | F4: 2 | H4: Code "00123" has leading zeros; "PO-12A" is not a valid PO number.
A5: 46045 | B5: Pune | C5: Excel Lite | D5: PO-100104 | E5: 980 | F5: 4
A6: 46051 | B6: Delhi | C6: PDF Pro | D6: INV-104 | E6: 1520 | F6: 6 | I6: Income from | J6: Tax rate
A7: 46057 | B7: Mumbai | C7: Excel Pro | D7: PO-100106 | E7: 2210 | F7: 9 | I7: 0 | J7: 0
A8: 46063 | B8: Chennai | C8: Excel Lite | D8: PO-100107 | E8: 640 | F8: 3 | I8: 250000 | J8: 0.05
A9: 46069 | B9: Kolkata | C9: PDF Pro | D9: PO-100108 | E9: 450 | F9: 2 | I9: 500000 | J9: 0.2
A10: 46075 | B10: Delhi | C10: Excel Pro | D10: PO-100109 | E10: 700 | F10: 3 | I10: 1000000 | J10: 0.3
A11: 46081 | B11: Pune | C11: OCR Pro | D11: INV-109 | E11: 1180 | F11: 5 | I11: Tax slabs for the "next smaller" example.
A12: 46087 | B12: Mumbai | C12: Excel Lite | D12: PO-100111 | E12: 390 | F12: 2
A13: 46093 | B13: Chennai | C13: PDF Pro | D13: PO-12A | E13: 1340 | F13: 6
A14: 46099 | B14: Delhi | C14: OCR Pro | D14: PO-100113 | E14: 560 | F14: 2
A15: 46105 | B15: Kolkata | C15: Excel Lite | D15: PO-100114 | E15: 1200 | F15: 5
A16: 46111 | B16: pune | C16: Excel Pro | D16: INV-114 | E16: 910 | F16: 4
A17: 46117 | B17: Mumbai | C17: OCR Pro | D17: PO-100116 | E17: 1760 | F17: 8
A18: 46123 | B18: Delhi | C18: Excel Lite | D18: PO-100117 | E18: 820 | F18: 3
A19: 46129 | B19: Chennai | C19: Excel Pro | D19: PO-100118 | E19: 1490 | F19: 6
A20: 46135 | B20: Mumbai | C20: PDF Pro | D20: PO-100119 | E20: 1030 | F20: 4
A21: 46141 | B21: Delhi | C21: PDF Pro | D21: 00123 | E21: 1110 | F21: 5
A22: 46147 | B22: PUNE | C22: Excel Pro | D22: PO-100121 | E22: 1330 | F22: 6
A23: 46153 | B23: Chennai | C23: OCR Pro | D23: PO-100122 | E23: 720 | F23: 3
... A25: 46165 | B25: Mumbai | C25: Excel Lite | D25: PO-100124 | E25: 480 | F25: 2
A26: 46171 | B26: Kolkata | C26: Excel Pro | D26: INV-124 | E26: 1,610 | F26: 3
A27: 46177 | B27: Delhi | C27: OCR Pro | D27: PO-100126 | E27: 1260 | F27: 5
A28: 46183 | B28: Chennai | C28: PDF Pro | D28: PO-100127 | E28: 880 | F28: 4
A29: 46189 | B29: Mumbai | C29: Excel Pro | D29: PO-100128 | E29: 1610 | F29: 7
A30: 46195 | B30: Kolkata | C30: PDF Pro | D30: PO-100129 | E30: 975 | F30: 4
A31: 46201 | B31: Delhi | C31: Excel Lite | D31: INV-129 | E31: 1420 | F31: 6

Sheet Lists
A1: Formulas that return several cells (classic array formulas: they work in every Excel version)
A3: 1. ALL matches: every Mumbai amount
A4: =NLOOKUP("Mumbai", Data!$B$2:$B$31, Data!$E$2:$E$31, "ALL")
A5: NLOOKUP result | D5: Expected
A6: {=_xll.NLOOKUP("Mumbai",Data!$B$2:$B$31,Data!$E$2:$E$31,"ALL")} -> 860 | D6: 860
A7: 2210 | D7: 2210
A8: 390 | D8: 390
A9: 1760 | D9: 1760
A10: 1030 | D10: 1030
A11: 480 | D11: 480
A12: 1610 | D12: 1610
A14: 2. DISTINCT: products sold in Delhi
A15: =NLOOKUP("Delhi", Data!$B$2:$B$31, Data!$C$2:$C$31, "DISTINCT")
A16: NLOOKUP result | D16: Expected
A17: {=_xll.NLOOKUP("Delhi",Data!$B$2:$B$31,Data!$C$2:$C$31,"DISTINCT")} -> Excel Pro | D17: Excel Pro
A18: PDF Pro | D18: PDF Pro
A19: OCR Pro | D19: OCR Pro
A20: Excel Lite | D20: Excel Lite
A22: 3. GROUP: a pivot in one formula (total by region, largest first)
A23: =NLOOKUP.GROUP(Data!$B$2:$B$31, Data!$E$2:$E$31, "SUM", -1)
A24: NLOOKUP result | D24: Expected
A25: {=_xll.NLOOKUP.GROUP(Data!$B$2:$B$31,Data!$E$2:$E$31,"SUM",-1)} -> Delhi | B25: 10580 | D25: Delhi | E25: 10580
A26: Mumbai | B26: 8340 | D26: Mumbai | E26: 8340
A27: Chennai | B27: 5500 | D27: Chennai | E27: 5500
A28: Pune | B28: 4400 | D28: Pune | E28: 4400
A29: Kolkata | B29: 4235 | D29: Kolkata | E29: 4235
A31: 4. Many lookups in ONE formula: totals for the regions in F34:F37
A32: =NLOOKUP(F34:F37, Data!$B$2:$B$31, Data!$E$2:$E$31, "SUM")
A33: NLOOKUP result | D33: Expected | F33: Regions asked
A34: {=_xll.NLOOKUP(F34:F37,Data!$B$2:$B$31,Data!$E$2:$E$31,"SUM")} -> 10580 | D34: 10580 | F34: Delhi
A35: 4400 | D35: 4400 | F35: Pune
A36: 0 | D36: 0 | F36: Goa
A37: 8340 | D37: 8340 | F37: Mumbai
A39: Goa is not in the data, so its total is 0 (like SUMIFS).
